"address","balance_token","balance","total_supply","contract_name","contract_ticker_symbol"
"0x038567b9a489c83774f0c1d368d5b4756891a46a","100000000","100000000000000000000000000","1000000000000000000000000000","Tether USD","USDT"
"0x066abb08910f6faf95d04901b0eda9529cd9ca78","100000000","100000000000000000000000000","1000000000000000000000000000","Tether USD","USDT"
"0x26af782a99be79c443b845e63b96d3c878bc88f5","100000000","100000000000000000000000000","1000000000000000000000000000","Tether USD","USDT"
"0x43aa551ab2c12fd10ce46258bd7b049fd80a8abc","100000000","100000000000000000000000000","1000000000000000000000000000","Tether USD","USDT"
"0x81b6dad1f68548b1472881d04e64268d614db011","100000000","100000000000000000000000000","1000000000000000000000000000","Tether USD","USDT"
"0xa2d30d9dac6a3b7d7bd953f94596504de89fdb0b","100000000","100000000000000000000000000","1000000000000000000000000000","Tether USD","USDT"
"0xbd1263782e7d3b4f739ba8a09ee843375e573cdf","100000000","100000000000000000000000000","1000000000000000000000000000","Tether USD","USDT"
"0xda3c31013d105a46d5b936cc41a696bf96a77e42","100000000","100000000000000000000000000","1000000000000000000000000000","Tether USD","USDT"
"0xf384a27c9fb1d1f6f3ed5fc989515ec9b25f2735","100000000","100000000000000000000000000","1000000000000000000000000000","Tether USD","USDT"
"0x3cf25ab11d1e46a6e91083f0c1e06607e846ac2c","99977499","99977499000000000000000000","1000000000000000000000000000","Tether USD","USDT"
"0xa68e6ae8d2e2574e446696de26fa6b3503cff370","9789.1155","9789115500000000000000","1000000000000000000000000000","Tether USD","USDT"
"0x46d776a2f759718a9f86642f52a7fbb2b475b22f","1476.889573","1476889573454429949358","1000000000000000000000000000","Tether USD","USDT"
"0x92d27f3919257058631f35773c05bbad1bb3cfe3","1219.038789","1219038789179984780346","1000000000000000000000000000","Tether USD","USDT"
"0xc547760a47f4f793d98e5a589b95bc12cb93f59f","1215.616661","1215616660785496116890","1000000000000000000000000000","Tether USD","USDT"
"0x023526b9cb8865ff48c5bfbae1e88cdee569e10c","1198.773715","1198773715121186282472","1000000000000000000000000000","Tether USD","USDT"
"0xf3643e7ef83504a62432651f80a38378b525ada1","1196.940061","1196940061409138257651","1000000000000000000000000000","Tether USD","USDT"
"0x61935923752d416b0ba1229d9d3292ff15eab50c","1195.029621","1195029620528409158289","1000000000000000000000000000","Tether USD","USDT"
"0x9b8ce3bbe5090320305260016bf180c29e51bfdf","1191.210163","1191210163435226249101","1000000000000000000000000000","Tether USD","USDT"
"0x1251da79f13edd23e6bf5472b836d6e7a2f2192e","1189.930431","1189930431224331545949","1000000000000000000000000000","Tether USD","USDT"
"0x7ddaf2f614cb4f7f9862d24f7b196baad19f8e3e","1177.253398","1177253397781519752102","1000000000000000000000000000","Tether USD","USDT"
"0x48f4820fa02b958f5a695ad5f885cbd66e2063d0","1132.9997","1132999700429943994719","1000000000000000000000000000","Tether USD","USDT"
"0x1808310e2631fd22d59c065b9a66d1c04bfedb4c","292.932217","292932216732358640391","1000000000000000000000000000","Tether USD","USDT"
"0xdab105a2de91acc4ee2c8b2cf40c44e88b9ec3b7","14.383399","14383398502566429246","1000000000000000000000000000","Tether USD","USDT"
"0xfde4f3c03861d314b4d6b46467806e5d8a5065df","1","1000000000000000000","1000000000000000000000000000","Tether USD","USDT"
"0x5bd808ab85c124f99080da5f864edcb39950ede5","0.2304","230400000000000000","1000000000000000000000000000","Tether USD","USDT"
"0xf6aef9c57491019fbc94e2caeb3fd98d8152dd5d","0.2138","213800000000000000","1000000000000000000000000000","Tether USD","USDT"
"0xf9878a5dd55edc120fde01893ea713a4f032229c","0.1989","198900000000000000","1000000000000000000000000000","Tether USD","USDT"
"0xeaa40bc5db1655bdd10c63521a8d021cfd70549e","0.1962","196200000000000000","1000000000000000000000000000","Tether USD","USDT"
"0x73b6880dbc492000d43fe4cd6b7bfaad21519486","0.1898","189800000000000000","1000000000000000000000000000","Tether USD","USDT"
"0xa4b191e358ae608b137b06cc02e2776f9aaede93","0.1893","189300000000000000","1000000000000000000000000000","Tether USD","USDT"
"0x8fbde8bb7a0aff27f8c81a0b553ceeba79acf561","0.1861","186100000000000000","1000000000000000000000000000","Tether USD","USDT"
"0x9f599f3d64a9d99ea21e68127bb6ce99f893da61","0.1771","177100000000000000","1000000000000000000000000000","Tether USD","USDT"
"0x09f3977040a58b1ab4d87cb2345f4a7e775af169","0.1721","172100000000000000","1000000000000000000000000000","Tether USD","USDT"
"0x56384a72951df7cf7af435e1b750b2bbce2033d9","0.1672","167200000000000000","1000000000000000000000000000","Tether USD","USDT"
"0x238a358808379702088667322f80ac48bad5e6c4","0.1649","164900000000000000","1000000000000000000000000000","Tether USD","USDT"
"0x6245517f5403b276eab78a42a78edc9b144e2c97","0.1631","163100000000000000","1000000000000000000000000000","Tether USD","USDT"
"0x5da5148a0cf6e2c458d714efcaa35ff0bd451a5a","0.1594","159400000000000000","1000000000000000000000000000","Tether USD","USDT"
"0xa71180a5bfbc0dbd18f7b355e4afa101a319ff6a","0.1594","159400000000000000","1000000000000000000000000000","Tether USD","USDT"
"0x4bce263371ec91da8369fb00a1f344bae2ee5cdb","0.1593","159300000000000000","1000000000000000000000000000","Tether USD","USDT"
"0xaa86268030aae432ac471f220080ba3e46b52b43","0.1583","158300000000000000","1000000000000000000000000000","Tether USD","USDT"
"0x9bb6a22da110c6c9bab745bcaf0ee142ee83af37","0.1578","157800000000000000","1000000000000000000000000000","Tether USD","USDT"
"0xf7fb93e0bc915046d8c403fbff4565c5e6c2f8a3","0.1578","157800000000000000","1000000000000000000000000000","Tether USD","USDT"
"0x06f23161e60a8c754b71157379196974f977edca","0.1575","157500000000000000","1000000000000000000000000000","Tether USD","USDT"
"0x92b7807bf19b7dddf89b706143896d05228f3121","0.157","157000000000000000","1000000000000000000000000000","Tether USD","USDT"
"0x0067cc2416f792cf0ec5629f5506324ac508f859","0.1565","156500000000000000","1000000000000000000000000000","Tether USD","USDT"
"0x049f1009bc8c5d0048732fe2f95c27c240214634","0.1542","154200000000000000","1000000000000000000000000000","Tether USD","USDT"
"0x8f6fbb791a1920a236c5be0184ddcc942dcbe611","0.1541","154100000000000000","1000000000000000000000000000","Tether USD","USDT"
"0x072cd4c4b3538e26f1afc201676e3ba183b13bf4","0.1506","150600000000000000","1000000000000000000000000000","Tether USD","USDT"
"0x6701b287c8170d6c290c6f4ef426782bd61ae310","0.1499","149900000000000000","1000000000000000000000000000","Tether USD","USDT"
"0xfaa0a5c1a1aec3ee75a9963abc187fdc5455e5af","0.1491","149100000000000000","1000000000000000000000000000","Tether USD","USDT"
"0x584470313a9a2461d8fc6f024ad71b56efab31bd","0.1487","148700000000000000","1000000000000000000000000000","Tether USD","USDT"
"0xd21bc2291c1aef340f5265e257b18aa5dafed759","0.1486","148600000000000000","1000000000000000000000000000","Tether USD","USDT"
"0x4cac85f391db7f338ceec301fe922d484d7e105a","0.1479","147900000000000000","1000000000000000000000000000","Tether USD","USDT"
"0x4923d960f84d89e72c78daf82015b519aaafe994","0.1456","145600000000000000","1000000000000000000000000000","Tether USD","USDT"
"0x055a3b37957bfbd3345bed9968e7e8dd56d67066","0.1445","144500000000000000","1000000000000000000000000000","Tether USD","USDT"
"0xb300000b72deaeb607a12d5f54773d1c19c7028d","0.1428","142800000000000000","1000000000000000000000000000","Tether USD","USDT"
"0x4809857b0f24aa9d74fb916447af5826f410d84f","0.1426","142600000000000000","1000000000000000000000000000","Tether USD","USDT"
"0xfd650452002e818956489c76fdf57fe6c6e48d6b","0.1425","142500000000000000","1000000000000000000000000000","Tether USD","USDT"
"0x8ec186cd1ad51c380bd23fde29f852226647616c","0.142","142000000000000000","1000000000000000000000000000","Tether USD","USDT"
"0x1c3865814acbba11e7196df0b46c024472503196","0.1399","139900000000000000","1000000000000000000000000000","Tether USD","USDT"
"0xf92aa5d589c78c199636867ea048a3ec64ac5d82","0.1396","139600000000000000","1000000000000000000000000000","Tether USD","USDT"
"0x6aba0315493b7e6989041c91181337b662fb1b90","0.1379","137900000000000000","1000000000000000000000000000","Tether USD","USDT"
"0xc0edeab686316a938467dac41a3d0e3f988a6c89","0.1377","137700000000000000","1000000000000000000000000000","Tether USD","USDT"
"0xbeb2c2171e3d9086aca86c785a69bb5bfdd5c5a5","0.1375","137500000000000000","1000000000000000000000000000","Tether USD","USDT"
"0xef7d88d12b6393fe06f5f07d48d7b76511909e6b","0.1374","137400000000000000","1000000000000000000000000000","Tether USD","USDT"
"0xf843b172356077b93736ce6561fb538ec067c7f7","0.136","136000000000000000","1000000000000000000000000000","Tether USD","USDT"
"0x94a11745a8d33388ee635b55f43944f1202c13d4","0.134","134000000000000000","1000000000000000000000000000","Tether USD","USDT"
"0x4cf50a14d96e9392c5700c04ef9863e8ab2a70be","0.1339","133900000000000000","1000000000000000000000000000","Tether USD","USDT"
"0x63844bd4bfad910b1643713302a1cc1ed20d50c3","0.1332","133200000000000000","1000000000000000000000000000","Tether USD","USDT"
"0x3fcdd576eef6c41f59a9f95191e69c0387b93dd1","0.1318","131800000000000000","1000000000000000000000000000","Tether USD","USDT"
"0x4240b755a3e20a4ca734bd5076bb4507e37d01e1","0.1311","131100000000000000","1000000000000000000000000000","Tether USD","USDT"
"0x26deb24a2623cf54452ab5183e2c34551831d54d","0.131","131000000000000000","1000000000000000000000000000","Tether USD","USDT"
"0x3cd22243d44f78b06e2e663083cefbd70ac095dd","0.1283","128300000000000000","1000000000000000000000000000","Tether USD","USDT"
"0xa8acdd81f46633b69acb6ec5c16ee7e00cc8938d","0.1273","127300000000000000","1000000000000000000000000000","Tether USD","USDT"
"0x278d858f05b94576c1e6f73285886876ff6ef8d2","0.1269","126900000000000000","1000000000000000000000000000","Tether USD","USDT"
"0x2d8d04684958b5816e5f026f1d9b5a8f0cdb2f13","0.1267","126700000000000000","1000000000000000000000000000","Tether USD","USDT"
"0x1e40450f8e21bb68490d7d91ab422888fb3d60f1","0.1262","126200000000000000","1000000000000000000000000000","Tether USD","USDT"
"0x3ea6ca058465476f81a1deb7994d943f99364118","0.126","126000000000000000","1000000000000000000000000000","Tether USD","USDT"
"0x9999b0cdd35d7f3b281ba02efc0d228486940515","0.1255","125500000000000000","1000000000000000000000000000","Tether USD","USDT"
"0xe8c2e47140a5fab27460f471a9f539e3aa8174c0","0.1254","125400000000000000","1000000000000000000000000000","Tether USD","USDT"
"0x482f22c36ee27c3abf64bdd45921380f18645012","0.1253","125300000000000000","1000000000000000000000000000","Tether USD","USDT"
"0x3ba18dd2fa8d211e4f3c8c56a7aa891e48ec72aa","0.1238","123800000000000000","1000000000000000000000000000","Tether USD","USDT"
"0xfa500178de024bf43cfa69b7e636a28ab68f2741","0.1233","123300000000000000","1000000000000000000000000000","Tether USD","USDT"
"0x7fbaadb7fae9c7360a0ff81bfb6866f236534a3a","0.1224","122400000000000000","1000000000000000000000000000","Tether USD","USDT"
"0xf20aa5e9d428432b49b4cc857be6feccef0b65bd","0.1224","122400000000000000","1000000000000000000000000000","Tether USD","USDT"
"0x924e62a3689e7b94f397e61ac796dabfea32e93b","0.1222","122200000000000000","1000000000000000000000000000","Tether USD","USDT"
"0x59ff6e0895054a6a60a8439e82e6f6ed7aade277","0.1218","121800000000000000","1000000000000000000000000000","Tether USD","USDT"
"0x2c872ba9ba5cba0d2e9076400119b852b144d49d","0.1213","121300000000000000","1000000000000000000000000000","Tether USD","USDT"
"0x3bc367866468d4f80096be899b66ab29d03f2717","0.1212","121200000000000000","1000000000000000000000000000","Tether USD","USDT"
"0x6ea08ca8f313d860808ef7431fc72c6fbcf4a72d","0.1204","120400000000000000","1000000000000000000000000000","Tether USD","USDT"
"0xa8adf7099418d75e05cee7b15e8e1935051c8fe3","0.1202","120200000000000000","1000000000000000000000000000","Tether USD","USDT"
"0xb7697d225fa34bf1ebd3413adfa1c35b1be74729","0.1199","119900000000000000","1000000000000000000000000000","Tether USD","USDT"
"0xe34c78ce8f585014f922b64b7a4e2c665a629af6","0.1188","118800000000000000","1000000000000000000000000000","Tether USD","USDT"
"0xf0e614f19e75ad178c462fd9de80e0b43652ab01","0.1186","118600000000000000","1000000000000000000000000000","Tether USD","USDT"
"0x07964f135f276412b3182a3b2407b8dd45000000","0.1183","118300000000000000","1000000000000000000000000000","Tether USD","USDT"
"0x28e2ea090877bf75740558f6bfb36a5ffee9e9df","0.118","118000000000000000","1000000000000000000000000000","Tether USD","USDT"
"0xd9e74451f0d14c8410e150bccf6ec2f04546e5cc","0.1177","117700000000000000","1000000000000000000000000000","Tether USD","USDT"
"0x3ba1be1619e9c93c861a6eb252974274f75b72aa","0.1175","117500000000000000","1000000000000000000000000000","Tether USD","USDT"
"0xa6ffd3255b442b1f14787b39cc731a709d64fbd5","0.1173","117300000000000000","1000000000000000000000000000","Tether USD","USDT"
"0x0022f0dcd574a1e646250eebd086781823434504","0.1171","117100000000000000","1000000000000000000000000000","Tether USD","USDT"
